<?xml version="1.0" encoding="UTF-8"?>
<beans xmlns="http://www.springframework.org/schema/beans"
	xmlns:xsi="http://www.w3.org/2001/XMLSchema-instance" xmlns:aop="http://www.springframework.org/schema/aop"
	xmlns:tx="http://www.springframework.org/schema/tx"
	xsi:schemaLocation="http://www.springframework.org/schema/beans http://www.springframework.org/schema/beans/spring-beans-3.1.xsd
           http://www.springframework.org/schema/aop http://www.springframework.org/schema/aop/spring-aop-3.1.xsd
           http://www.springframework.org/schema/tx http://www.springframework.org/schema/tx/spring-tx-3.1.xsd"
	default-autowire="byName" default-lazy-init="false">
	<bean id="propertyConfigurer"
		class="org.springframework.beans.factory.config.PropertyPlaceholderConfigurer">
		<property name="locations">
			<value>classpath:spring-init.properties</value>
		</property>
	</bean>

	<!-- <bean id="dataSource" class="org.springframework.jndi.JndiObjectFactoryBean"> 
		<property name="jndiName"> <value>${jndiname}</value> </property> </bean> 
		<bean id="dataSource" class="org.springframework.jdbc.datasource.DriverManagerDataSource"> 
		<property name="driverClassName" value="com.microsoft.sqlserver.jdbc.SQLServerDriver" 
		/> <property name="url" value="jdbc:sqlserver://127.0.0.1:1433;databasename=ysjs" 
		/> <property name="username" value="sa" /> <property name="password" value="yiding123" 
		/> </bean> -->

	<bean id="dataSource" class="com.mchange.v2.c3p0.ComboPooledDataSource"
		destroy-method="close">
		<property name="driverClass">
			<value>${jdbc.driverClassName}</value>
		</property>
		<property name="jdbcUrl">
			<value>${jdbc.url}</value>
		</property>
		<property name="user">
			<value>${jdbc.username}</value>
		</property>
		<property name="password">
			<value>${jdbc.password}</value>
		</property>
		<property name="maxPoolSize">
			<value>${c3p0.maxPoolSize}</value>
		</property>
		<property name="minPoolSize">
			<value>${c3p0.minPoolSize}</value>
		</property>
		<property name="initialPoolSize">
			<value>${c3p0.initialPoolSize}</value>
		</property>
		<property name="maxIdleTime">
			<value>${c3p0.maxIdleTime}</value>
		</property>
		<property name="acquireIncrement">
			<value>${c3p0.acquireIncrement}</value>
		</property>
		<property name="idleConnectionTestPeriod">
			<value>${c3p0.idleConnectionTestPeriod}</value>
		</property>
		<property name="testConnectionOnCheckin">
			<value>${c3p0.testConnectionOnCheckin}</value>
		</property>
	</bean>

	<bean id="sessionFactory"
		class="org.springframework.orm.hibernate4.LocalSessionFactoryBean">
		<property name="dataSource">
			<ref bean="dataSource" />
		</property>
		<property name="mappingResources">
			<list>
				<value>com/xy/cms/entity/CodeList.hbm.xml</value>
				<value>com/xy/cms/entity/Config.hbm.xml</value>
				<value>com/xy/cms/entity/Admin.hbm.xml</value>
				<value>com/xy/cms/entity/View.hbm.xml</value>
				<value>com/xy/cms/entity/ViewList.hbm.xml</value>
				<value>com/xy/cms/entity/ViewOrder.hbm.xml</value>
				<value>com/xy/cms/entity/ViewSearch.hbm.xml</value>
				<value>com/xy/cms/entity/Tables.hbm.xml</value>
				<value>com/xy/cms/entity/TableColumns.hbm.xml</value>
				<value>com/xy/cms/entity/TableColumnType.hbm.xml</value>
				<value>com/xy/cms/entity/TableRelationship.hbm.xml</value>
				<value>com/xy/cms/entity/Role.hbm.xml</value>
				<value>com/xy/cms/entity/Menu.hbm.xml</value>
				<value>com/xy/cms/entity/MenuAction.hbm.xml</value>
				<value>com/xy/cms/entity/Power.hbm.xml</value>
				<value>com/xy/cms/entity/SysLog.hbm.xml</value>
				<value>com/xy/cms/entity/Authaction.hbm.xml</value>
				<value>com/xy/cms/entity/Sequence.hbm.xml</value>
				<value>com/xy/cms/entity/Company.hbm.xml</value>
				<value>com/xy/cms/entity/Department.hbm.xml</value>
				<value>com/xy/cms/entity/ProduceplanTodo.hbm.xml</value>
				<value>com/xy/cms/entity/Produceplan.hbm.xml</value>
				<value>com/xy/cms/entity/EmployeeDeptart.hbm.xml</value>
				<value>com/xy/cms/entity/Employee.hbm.xml</value>
				<value>com/xy/cms/entity/Region.hbm.xml</value>
				<value>com/xy/cms/entity/MenuConfig.hbm.xml</value>
				<value>com/xy/cms/entity/AppUser.hbm.xml</value>
				<value>com/xy/cms/entity/AppRole.hbm.xml</value>
				<value>com/xy/cms/entity/AppModular.hbm.xml</value>
				<value>com/xy/cms/entity/AppRolePower.hbm.xml</value>
				<value>com/xy/cms/entity/Orders.hbm.xml</value>
				<value>com/xy/cms/entity/OrdersDetail.hbm.xml</value>
				<value>com/xy/cms/entity/Product.hbm.xml</value>
				<value>com/xy/cms/entity/ProductUnit.hbm.xml</value>
				<value>com/xy/cms/entity/Customer.hbm.xml</value>
				<value>com/xy/cms/entity/ProduceplanExceptionHandle.hbm.xml</value>
				<value>com/xy/cms/entity/ProduceplanExceptionHandleHistory.hbm.xml</value>
				<value>com/xy/cms/entity/ProduceplanTodoClaim.hbm.xml</value>
				<value>com/xy/cms/entity/Equipment.hbm.xml</value>
				<value>com/xy/cms/entity/Material.hbm.xml</value>
				<value>com/xy/cms/entity/EquipmentType.hbm.xml</value>
				<value>com/xy/cms/entity/MaterialType.hbm.xml</value>
			    <value>com/xy/cms/entity/License.hbm.xml</value> 
			    <value>com/xy/cms/entity/TodoClaimMaterial.hbm.xml</value> 
			    <value>com/xy/cms/entity/TodoClaimEquip.hbm.xml</value> 
			    <value>com/xy/cms/entity/EquipmentParamData.hbm.xml</value>
			    <value>com/xy/cms/entity/Test.hbm.xml</value>
			</list>
		</property>

		<property name="hibernateProperties">
			<props>
				<prop key="hibernate.dialect">${hibernate.dialect}</prop>
				<prop key="hibernate.show_sql">${hibernate.show_sql}</prop>
				<prop key="hibernate.jdbc.fetch_size">${hibernate.jdbc.fetch_size}</prop>
				<prop key="hibernate.jdbc.batch_size">${hibernate.jdbc.batch_size}</prop>
				<prop key="hibernate.connection.release_mode">${hibernate.connection.release_mode}</prop>
				<prop key="hibernate.connection.isolation">4</prop>
				<prop key="hibernate.format_sql">${hibernate.show_sql}</prop>
			</props>
		</property>
	</bean>

	<bean id="transactionManager"
		class="org.springframework.orm.hibernate4.HibernateTransactionManager">
		<property name="sessionFactory" ref="sessionFactory"></property>
	</bean>
	<!-- <tx:advice id="txAdvice" transaction-manager="transactionManager"> 
		<tx:attributes> <tx:method name="get*" read-only="true" /> <tx:method name="load*" 
		read-only="true" /> <tx:method name="*" /> </tx:attributes> </tx:advice> 
		<aop:config> <aop:pointcut id="dealadmindao" expression="execution(* com.whty.bbzx.service.*.*(..))" 
		/> <aop:advisor advice-ref="txAdvice" pointcut-ref="dealadmindao" /> </aop:config> -->
	<bean id="tranInterecptor"
		class="org.springframework.transaction.interceptor.TransactionInterceptor">
		<property name="transactionManager">
			<ref bean="transactionManager" />
		</property>
		<property name="transactionAttributes">
			<props>
				<prop key="get*">PROPAGATION_REQUIRED,readOnly</prop>
				<prop key="load*">PROPAGATION_REQUIRED,readOnly</prop>
				<prop key="*">PROPAGATION_REQUIRED,-Exception</prop>
			</props>
		</property>
	</bean>

	<bean
		class="org.springframework.aop.framework.autoproxy.BeanNameAutoProxyCreator">
		<property name="beanNames">
			<list>
				<value>*Service</value>
			</list>
		</property>
		<property name="interceptorNames">
			<list>
				<value>tranInterecptor</value>
			</list>
		</property>
	</bean>

</beans>