<?xml version ="1.0" encoding="utf-8"?>
<rows>
	<page>1</page>
	<total>2</total>
	<records>18</records>
	<row>
		<cell>01</cell>
		<cell>2011-9-1</cell>
		<cell>10</cell>
		<cell>010-000000</cell>
		<cell>100</cell>
		<cell>信息展示</cell>
	</row>
	<row>
		<cell>02</cell>
		<cell>2011-9-1</cell>
		<cell>10</cell>
		<cell>010-000000</cell>
		<cell>100</cell>
		<cell>信息展示</cell>
	</row>
	<row>
		<cell>03</cell>
		<cell>2011-9-1</cell>
		<cell>10</cell>
		<cell>010-000000</cell>
		<cell>100</cell>
		<cell>信息展示</cell>
	</row>
	<row>
		<cell>04</cell>
		<cell>2011-9-1</cell>
		<cell>10</cell>
		<cell>010-000000</cell>
		<cell>100</cell>
		<cell>信息展示</cell>
	</row>
	<row>
		<cell>05</cell>
		<cell>2011-9-1</cell>
		<cell>10</cell>
		<cell>010-000000</cell>
		<cell>100</cell>
		<cell>信息展示</cell>
	</row>
	<row>
		<cell>06</cell>
		<cell>2011-9-1</cell>
		<cell>10</cell>
		<cell>010-000000</cell>
		<cell>100</cell>
		<cell>信息展示</cell>
	</row>
	<row>
		<cell>07</cell>
		<cell>2011-9-1</cell>
		<cell>10</cell>
		<cell>010-000000</cell>
		<cell>100</cell>
		<cell>信息展示</cell>
	</row>
	<row>
		<cell>08</cell>
		<cell>2011-9-1</cell>
		<cell>10</cell>
		<cell>010-000000</cell>
		<cell>100</cell>
		<cell>信息展示</cell>
	</row>
	<row>
		<cell>09</cell>
		<cell>2011-9-1</cell>
		<cell>10</cell>
		<cell>010-000000</cell>
		<cell>100</cell>
		<cell>信息展示</cell>
	</row>
	<row>
		<cell>10</cell>
		<cell>2011-9-1</cell>
		<cell>10</cell>
		<cell>010-000000</cell>
		<cell>100</cell>
		<cell>信息展示</cell>
	</row>
	<row>
		<cell>11</cell>
		<cell>2011-9-1</cell>
		<cell>10</cell>
		<cell>010-000000</cell>
		<cell>100</cell>
		<cell>信息展示</cell>
	</row>
	<row>
		<cell>12</cell>
		<cell>2011-9-1</cell>
		<cell>10</cell>
		<cell>010-000000</cell>
		<cell>100</cell>
		<cell>信息展示</cell>
	</row>
	<row>
		<cell>13</cell>
		<cell>2011-9-1</cell>
		<cell>10</cell>
		<cell>010-000000</cell>
		<cell>100</cell>
		<cell>信息展示</cell>
	</row>
	<row>
		<cell>14</cell>
		<cell>2011-9-1</cell>
		<cell>10</cell>
		<cell>010-000000</cell>
		<cell>100</cell>
		<cell>信息展示</cell>
	</row>
	<row>
		<cell>15</cell>
		<cell>2011-9-1</cell>
		<cell>10</cell>
		<cell>010-000000</cell>
		<cell>100</cell>
		<cell>信息展示</cell>
	</row>
	<row>
		<cell>16</cell>
		<cell>2011-9-1</cell>
		<cell>10</cell>
		<cell>010-000000</cell>
		<cell>100</cell>
		<cell>信息展示</cell>
	</row>
	<row>
		<cell>17</cell>
		<cell>2011-9-1</cell>
		<cell>10</cell>
		<cell>010-000000</cell>
		<cell>100</cell>
		<cell>信息展示</cell>
	</row>
	<row>
		<cell>18</cell>
		<cell>2011-9-1</cell>
		<cell>10</cell>
		<cell>010-000000</cell>
		<cell>100</cell>
		<cell>信息展示</cell>
	</row>
</rows>